{"cameraMode":{"drawMode":0,"name":"Shaded","section":"Shading Mode"},"sceneLighting":true,"audioPlay":false,"sceneViewState":{"m_AlwaysRefresh":false,"showFog":true,"showSkybox":true,"showFlares":true,"showImageEffects":true,"showParticleSystems":true,"showVisualEffectGraphs":true,"m_FxEnabled":true},"in2DMode":false,"pivot":{"x":3.1355714797973635,"y":-0.5512647032737732,"z":8.898992538452149},"rotation":{"x":0.027356334030628206,"y":-0.7930400967597961,"z":0.03571094572544098,"w":0.6075085401535034},"size":12.040282249450684,"orthographic":true}