{"cameraMode":{"drawMode":0,"name":"Shaded","section":"Shading Mode"},"sceneLighting":false,"audioPlay":false,"sceneViewState":{"m_AlwaysRefresh":false,"showFog":true,"showSkybox":false,"showFlares":true,"showImageEffects":true,"showParticleSystems":true,"showVisualEffectGraphs":true,"m_FxEnabled":true},"in2DMode":false,"pivot":{"x":0.025789380073547365,"y":2.635058879852295,"z":4.588395118713379},"rotation":{"x":0.027356334030628206,"y":-0.7930400967597961,"z":0.03571094572544098,"w":0.6075085401535034},"size":4.217790603637695,"orthographic":true}