{"cameraMode":{"drawMode":0,"name":"Shaded","section":"Shading Mode"},"sceneLighting":false,"audioPlay":false,"sceneViewState":{"m_AlwaysRefresh":false,"showFog":true,"showSkybox":false,"showFlares":true,"showImageEffects":true,"showParticleSystems":true,"showVisualEffectGraphs":true,"m_FxEnabled":true},"in2DMode":false,"pivot":{"x":3.485961437225342,"y":1.1350250244140626,"z":1.1304343938827515},"rotation":{"x":0.0031435410492122175,"y":0.7155341506004334,"z":-0.0032199532724916937,"w":0.6985642910003662},"size":2.18745493888855,"orthographic":true}